{
    "group_name": "BO",
    "beta_range": [
        0.0,
        1.3846153846153846,
        2.769230769230769,
        4.153846153846153,
        5.538461538461538,
        6.923076923076923,
        8.307692307692307,
        9.692307692307692,
        11.076923076923077,
        12.461538461538462,
        13.846153846153847,
        15.23076923076923,
        16.615384615384613,
        18.0
    ],
    "gamma_range": [
        -0.5,
        -0.40909090909090906,
        -0.3181818181818182,
        -0.2272727272727273,
        -0.13636363636363635,
        -0.045454545454545414,
        0.045454545454545414,
        0.13636363636363635,
        0.2272727272727273,
        0.31818181818181823,
        0.40909090909090917,
        0.5
    ],
    "order_parameter": [
        0.33333333333332865,
        0.33333333333333104,
        0.3333333333333287,
        0.33333333333333093,
        0.3333333333333215,
        0.33333333333329546,
        -4.999999750582656,
        -4.999999999999996,
        -4.999999999999997,
        -4.999999999999997,
        -5.0,
        -5.0
    ],
    "u_critical": [
        0.3333333333333357,
        0.3333333333333345,
        0.33333333333333565,
        0.33333333333333454,
        0.33333333333333925,
        0.3333333333333523,
        2.999999875291328,
        2.999999999999999,
        2.999999999999999,
        3.0,
        3.0000000000000004,
        3.0000000000000004
    ],
    "crits_hk": [
        [
            [
                5.394771207534177e-08,
                7.105427357601002e-15
            ],
            [
                3.434334416851925e-08,
                3.552713678800501e-15
            ],
            [
                3.041721186036739e-08,
                7.105427357601002e-15
            ],
            [
                2.360650697141864e-08,
                3.552713678800501e-15
            ],
            [
                3.5437288659068145e-08,
                1.7763568394002505e-14
            ],
            [
                4.9416719605233084e-08,
                5.684341886080802e-14
            ],
            [
                4.608988746213072e-09,
                7.363658073207297
            ],
            [
                1.2240449365208406e-07,
                49.33439347750813
            ],
            [
                5.759969923246899e-08,
                46.73165382715713
            ],
            [
                1.147323196448724e-07,
                47.70985821268091
            ],
            [
                8.107566529247379e-08,
                18.99893621077295
            ],
            [
                6.591680090650698e-08,
                23.34670780322517
            ]
        ],
        [
            [
                2.2679316202811606e-09,
                1.0658141036401503e-14
            ],
            [
                4.2606256300814493e-08,
                3.552713678800501e-15
            ],
            [
                5.53200756314709e-08,
                1.7763568394002505e-14
            ],
            [
                1.1118224563233525e-08,
                3.197442310920451e-14
            ],
            [
                1.714494857196769e-08,
                4.263256414560601e-14
            ],
            [
                2.9096302256448325e-08,
                2.5934809855243657e-13
            ],
            [
                3.748127141989244e-08,
                7.363624622688697
            ],
            [
                1.8262162981841357e-07,
                39.36718360619824
            ],
            [
                8.374227533636258e-08,
                43.56661216098679
            ],
            [
                1.048294002714556e-07,
                47.52654571892778
            ],
            [
                2.5095899403027033e-07,
                45.687937656324905
            ],
            [
                1.8221675901486378e-07,
                15.50535408282342
            ]
        ],
        [
            [
                4.7933315983073044e-08,
                3.552713678800501e-15
            ],
            [
                2.626305928288275e-08,
                2.4868995751603507e-14
            ],
            [
                3.6261269542592345e-08,
                3.552713678800501e-15
            ],
            [
                8.042693622201114e-09,
                1.7763568394002505e-14
            ],
            [
                9.517417254301108e-08,
                3.197442310920451e-14
            ],
            [
                6.726503087861602e-08,
                1.7763568394002505e-14
            ],
            [
                4.8791080521782675,
                7.363674130052981
            ],
            [
                4.879107436361284,
                29.828804179706797
            ],
            [
                4.879108615399428,
                49.37104284565703
            ],
            [
                4.87910845936187,
                37.27248406500645
            ],
            [
                4.879104583203649,
                47.63830777180955
            ],
            [
                4.879109950818641,
                25.777382579228252
            ]
        ],
        [
            [
                4.858599211843284e-08,
                3.552713678800501e-15
            ],
            [
                1.3085593053574485e-08,
                1.7763568394002505e-14
            ],
            [
                4.582036083888852e-08,
                3.552713678800501e-15
            ],
            [
                1.1264373256381077e-07,
                7.105427357601002e-15
            ],
            [
                7.477751751139294e-10,
                7.105427357601002e-15
            ],
            [
                8.126761130711202e-08,
                3.552713678800501e-14
            ],
            [
                7.382257886834726,
                7.363753209798723
            ],
            [
                7.382272402060099,
                48.62035158863917
            ],
            [
                7.3822590928102585,
                30.677588999147254
            ],
            [
                7.38227377445191,
                49.33893010766322
            ],
            [
                7.382260586229471,
                23.182988489975486
            ],
            [
                7.3822554901168616,
                17.584289208871866
            ]
        ],
        [
            [
                3.804273163154903e-08,
                3.552713678800501e-15
            ],
            [
                1.8565415871307778e-08,
                0.0
            ],
            [
                5.580441708730177e-08,
                7.105427357601002e-15
            ],
            [
                2.4559575706462056e-08,
                1.7763568394002505e-14
            ],
            [
                3.725945774135653e-08,
                3.552713678800501e-15
            ],
            [
                3.243581758738401e-08,
                1.0302869668521453e-13
            ],
            [
                9.846053008489154,
                7.363641524876456
            ],
            [
                9.846069466411599,
                41.33620682242307
            ],
            [
                9.84605894901238,
                41.02451282877619
            ],
            [
                9.846056815751847,
                30.379124666021355
            ],
            [
                9.845970244189651,
                44.35121306399169
            ],
            [
                9.846093935145007,
                14.678811855729132
            ]
        ],
        [
            [
                5.8752018361474256e-08,
                7.105427357601002e-15
            ],
            [
                3.440048601532908e-08,
                1.7763568394002505e-14
            ],
            [
