{
    "group_name": "BO",
    "beta_range": [
        0.0,
        1.3846153846153846,
        2.769230769230769,
        4.153846153846153,
        5.538461538461538,
        6.923076923076923,
        8.307692307692307,
        9.692307692307692,
        11.076923076923077,
        12.461538461538462,
        13.846153846153847,
        15.23076923076923,
        16.615384615384613,
        18.0
    ],
    "gamma_range": [
        -0.5,
        -0.40909090909090906,
        -0.3181818181818182,
        -0.2272727272727273,
        -0.13636363636363635,
        -0.045454545454545414,
        0.045454545454545414,
        0.13636363636363635,
        0.2272727272727273,
        0.31818181818181823,
        0.40909090909090917,
        0.5
    ],
    "order_parameter": [
        0.33333333333333326,
        0.33333333333333104,
        0.33333333333332643,
        0.3333333333333288,
        0.3333333333333284,
        0.33333333333331655,
        -4.999999750570588,
        -4.9999999999999964,
        -4.999999999999997,
        -4.999999999999998,
        -5.0,
        -4.9999999999999964
    ],
    "u_critical": [
        0.33333333333333337,
        0.3333333333333345,
        0.3333333333333368,
        0.3333333333333356,
        0.3333333333333358,
        0.33333333333334175,
        2.9999998752852943,
        2.9999999999999996,
        3.0,
        2.9999999999999996,
        3.0,
        3.0000000000000004
    ],
    "crits_hk": [
        [
            [
                1.2507459956623279e-08,
                0.0
            ],
            [
                3.747352295135897e-08,
                3.552713678800501e-15
            ],
            [
                5.547785164594643e-08,
                1.0658141036401503e-14
            ],
            [
                4.144652976378893e-08,
                7.105427357601002e-15
            ],
            [
                3.8920077827242494e-08,
                7.105427357601002e-15
            ],
            [
                6.988408074448671e-08,
                2.4868995751603507e-14
            ],
            [
                5.624381671509582e-08,
                7.363640041420723
            ],
            [
                1.157324334144505e-07,
                43.358821786674824
            ],
            [
                1.2406067995129888e-07,
                49.258016444541695
            ],
            [
                7.582677952200356e-08,
                45.41677211396065
            ],
            [
                2.0013519730355256e-08,
                44.934301482459105
            ],
            [
                1.5144783205300882e-07,
                15.679874412978945
            ]
        ],
        [
            [
                1.2566882645614896e-08,
                3.552713678800501e-15
            ],
            [
                7.030145354747219e-08,
                7.105427357601002e-15
            ],
            [
                3.801048364948656e-08,
                3.552713678800501e-15
            ],
            [
                3.0034346565344094e-08,
                3.552713678800501e-15
            ],
            [
                6.008290043268971e-08,
                7.105427357601002e-15
            ],
            [
                2.9874964724285746e-08,
                4.263256414560601e-14
            ],
            [
                4.6181007462564594e-08,
                7.3636141469164365
            ],
            [
                4.977099976599675e-08,
                45.25407845496916
            ],
            [
                1.0987436382947635e-07,
                49.21863033673647
            ],
            [
                9.096122610685597e-08,
                22.376488676230345
            ],
            [
                1.7628600801344874e-09,
                18.728807080710077
            ],
            [
                2.046504121722137e-08,
                19.672125177315188
            ]
        ],
        [
            [
                7.10077046051083e-08,
                0.0
            ],
            [
                3.502265499832902e-08,
                3.552713678800501e-15
            ],
            [
                6.831890431158172e-08,
                2.4868995751603507e-14
            ],
            [
                2.972656787392225e-08,
                2.842170943040401e-14
            ],
            [
                5.03437291854425e-08,
                1.7763568394002505e-14
            ],
            [
                4.189121582953703e-08,
                1.7763568394002505e-14
            ],
            [
                4.879107310602919,
                7.363620652197117
            ],
            [
                4.879110838774942,
                49.29540066467071
            ],
            [
                4.879110320323516,
                43.109267156575655
            ],
            [
                4.879109155025567,
                49.83965559729331
            ],
            [
                4.879105951117708,
                20.912999551524614
            ],
            [
                4.879106755352488,
                44.9304072943594
            ]
        ],
        [
            [
                4.3586144471419175e-08,
                3.552713678800501e-15
            ],
            [
                6.926261875150885e-08,
                0.0
            ],
            [
                3.601696363375595e-08,
                3.552713678800501e-15
            ],
            [
                1.6464237972968476e-08,
                7.105427357601002e-15
            ],
            [
                2.4941858356442026e-08,
                3.197442310920451e-14
            ],
            [
                1.3934098319623445e-09,
                1.2789769243681803e-13
            ],
            [
                7.3822632932804275,
                7.363673556561107
            ],
            [
                7.38226740565085,
                41.565915539898874
            ],
            [
                7.382256922199911,
                22.738619839106466
            ],
            [
                7.38225692619713,
                27.206713182945812
            ],
            [
                7.382266142684223,
                23.183779058784225
            ],
            [
                7.382253507479735,
                29.591282123727797
            ]
        ],
        [
            [
                9.154799585076034e-08,
                3.552713678800501e-15
            ],
            [
                4.455156599192378e-08,
                1.7763568394002505e-14
            ],
            [
                1.4143736848382105e-08,
                1.7763568394002505e-14
            ],
            [
                8.130620798851851e-08,
                3.552713678800501e-15
            ],
            [
                6.15565589612288e-08,
                7.105427357601002e-15
            ],
            [
                3.8990680906181296e-08,
                4.263256414560601e-14
            ],
            [
                9.846030649362348,
                7.363596202360213
            ],
            [
                9.84604621287503,
                49.16268047680968
            ],
            [
                9.846018866850988,
                18.272967101512506
            ],
            [
                9.84601380128095,
                21.968688917137435
            ],
            [
                9.846013305549238,
                34.67145722854609
            ],
            [
                9.846037149397734,
                37.68856884608207
            ]
        ],
        [
            [
                3.884133903397924e-08,
                3.552713678800501e-15
            ],
            [
                4.38955183312828e-08,
                3.552713678800501e-15
            ],
            [
                1.0359276103599768e-08,
