{
"BT":{
  "FUNDAMENTAL_REP":[2,-2,0,1,1,-1,-1],
  "ADJOINT_REP":[3,3,-1,0,0,0,0],
  "SIZE":[1,1,6,4,4,4,4]
},
"BO":{
  "FUNDAMENTAL_REP":[2,-2,0,0,1,-1,-1.41421356237,1.41421356237],
  "ADJOINT_REP":[3,3,-1,-1,0.0,0.0,1,1],
  "SIZE":[1,1,12,6,8,8,6,6]
},
"BI":{
  "FUNDAMENTAL_REP":[2,-2,-1,0,0.61803398875,-1.61803398875,1,1.61803398875,-0.61803398875],
  "ADJOINT_REP":[3,3,0,-1,-0.61803398875,1.61803398875,0,1.61803398875,-0.61803398875],
  "SIZE":[1,1,20,30,12,12,20,12,12]
}
}